{
  "P0.00001K0": {
    "P": 1e-05,
    "K": 17,
    "M": [
      61009,
      158705,
      429818,
      1052248,
      2475150,
      5292654,
      8945759,
      8516756,
      2731263,
      390256
    ],
    "MAP": 8
  },
  "P0.00001K0MAP4": {
    "P": 1e-05,
    "K": 17,
    "M": [
      61009,
      158705,
      429818,
      1052248,
      2475150,
      5292654,
      8945759,
      8516756,
      2731263,
      390256
    ],
    "MAP": 4
  },
  "P0.00001K0MAP6": {
    "P": 1e-05,
    "K": 17,
    "M": [
      61009,
      158705,
      429818,
      1052248,
      2475150,
      5292654,
      8945759,
      8516756,
      2731263,
      390256
    ],
    "MAP": 6
  },
  "P0.00001K0MAP8": {
    "P": 1e-05,
    "K": 17,
    "M": [
      61009,
      158705,
      429818,
      1052248,
      2475150,
      5292654,
      8945759,
      8516756,
      2731263,
      390256
    ],
    "MAP": 8
  },
  "P0.00001K0MAP10": {
    "P": 1e-05,
    "K": 17,
    "M": [
      61009,
      158705,
      429818,
      1052248,
      2475150,
      5292654,
      8945759,
      8516756,
      2731263,
      390256
    ],
    "MAP": 10
  },
  "P0.00001K0MAP12": {
    "P": 1e-05,
    "K": 17,
    "M": [
      61009,
      158705,
      429818,
      1052248,
      2475150,
      5292654,
      8945759,
      8516756,
      2731263,
      390256
    ],
    "MAP": 12
  },
  "P0.00001K3": {
    "P": 1e-05,
    "K": 3,
    "M": [
      350692,
      912267,
      2470683,
      6048538,
      14227672,
      30423266,
      51422070,
      48956071,
      15699861,
      2243271
    ],
    "MAP": 8
  },
  "P0.00001K5": {
    "P": 1e-05,
    "K": 5,
    "M": [
      120824,
      314302,
      851221,
      2083893,
      4901837,
      10481679,
      17716363,
      16866756,
      5409048,
      772871
    ],
    "MAP": 8
  },
  "P0.00001K7": {
    "P": 1e-05,
    "K": 7,
    "M": [
      83080,
      216118,
      585308,
      1432906,
      3370551,
      7207305,
      12181945,
      11597747,
      3719314,
      531434
    ],
    "MAP": 8
  },
  "P0.00001K9": {
    "P": 1e-05,
    "K": 9,
    "M": [
      70271,
      182797,
      495065,
      1211980,
      2850880,
      6096083,
      10303732,
      9809606,
      3145870,
      449497
    ],
    "MAP": 8
  },
  "P0.0001K0": {
    "P": 0.0001,
    "K": 13,
    "M": [
      48808,
      126964,
      343855,
      841799,
      1980120,
      4234123,
      7156608,
      6813405,
      2185010,
      312205
    ],
    "MAP": 8
  },
  "P0.0001K0MAP4": {
    "P": 0.0001,
    "K": 13,
    "M": [
      48808,
      126964,
      343855,
      841799,
      1980120,
      4234123,
      7156608,
      6813405,
      2185010,
      312205
    ],
    "MAP": 4
  },
  "P0.0001K0MAP6": {
    "P": 0.0001,
    "K": 13,
    "M": [
      48808,
      126964,
      343855,
      841799,
      1980120,
      4234123,
      7156608,
      6813405,
      2185010,
      312205
    ],
    "MAP": 6
  },
  "P0.0001K0MAP8": {
    "P": 0.0001,
    "K": 13,
    "M": [
      48808,
      126964,
      343855,
      841799,
      1980120,
      4234123,
      7156608,
      6813405,
      2185010,
      312205
    ],
    "MAP": 8
  },
  "P0.0001K0MAP10": {
    "P": 0.0001,
    "K": 13,
    "M": [
      48808,
      126964,
      343855,
      841799,
      1980120,
      4234123,
      7156608,
      6813405,
      2185010,
      312205
    ],
    "MAP": 10
  },
  "P0.0001K0MAP12": {
    "P": 0.0001,
    "K": 13,
    "M": [
      48808,
      126964,
      343855,
      841799,
      1980120,
      4234123,
      7156608,
      6813405,
      2185010,
      312205
    ],
    "MAP": 12
  },
  "P0.0001K3": {
    "P": 0.0001,
    "K": 3,
    "M": [
      160707,
      418052,
      1132205,
      2771777,
      6519912,
      13941635,
      23564457,
      22434399,
      7194551,
      1027992
    ],
    "MAP": 8
  },
  "P0.0001K5": {
    "P": 0.0001,
    "K": 5,
    "M": [
      73773,
      191909,
      519743,
      1272395,
      2992990,
      6399960,
      10817352,
      10298594,
      3302686,
      471904
    ],
    "MAP": 8
  },
  "P0.0001K7": {
    "P": 0.0001,
    "K": 7,
    "M": [
      57060,
      148430,
      401991,
      984123,
      2314904,
      4949996,
      8366592,
      7965363,
      2554435,
      364990
    ],
    "MAP": 8
  },
  "P0.0001K9": {
    "P": 0.0001,
    "K": 9,
    "M": [
      51456,
      133852,
      362510,
      887468,
      2087547,
      4463835,
      7544871,
      7183049,
      2303553,
      329143
    ],
    "MAP": 8
  },
  "P0.001K0": {
    "P": 0.001,
    "K": 10,
    "M": [
      36606,
      95223,
      257891,
      631349,
      1485090,
      3175593,
      5367456,
      5110054,
      1638758,
      234154
    ],
    "MAP": 8
  },
  "P0.001K0MAP4": {
    "P": 0.001,
    "K": 10,
    "M": [
      36606,
      95223,
      257891,
      631349,
      1485090,
      3175593,
      5367456,
      5110054,
      1638758,
      234154
    ],
    "MAP": 4
  },
  "P0.001K0MAP6": {
    "P": 0.001,
    "K": 10,
    "M": [
      36606,
      95223,
      257891,
      631349,
      1485090,
      3175593,
      5367456,
      5110054,
      1638758,
      234154
    ],
    "MAP": 6
  },
  "P0.001K0MAP8": {
    "P": 0.001,
    "K": 10,
    "M": [
      36606,
      95223,
      257891,
      631349,
      1485090,
      3175593,
      5367456,
      5110054,
      1638758,
      234154
    ],
    "MAP": 8
  },
  "P0.001K0MAP10": {
    "P": 0.001,
    "K": 10,
    "M": [
      36606,
      95223,
      257891,
      631349,
      1485090,
      3175593,
      5367456,
      5110054,
      1638758,
      234154
    ],
    "MAP": 10
  },
  "P0.001K0MAP12": {
    "P": 0.001,
    "K": 10,
    "M": [
      36606,
      95223,
      257891,
      631349,
      1485090,
      3175593,
      5367456,
      5110054,
      1638758,
      234154
    ],
    "MAP": 12
  },
  "P0.001K3": {
    "P": 0.001,
    "K": 3,
    "M": [
      72494,
      188582,
      510733,
      1250336,
      2941102,
      6289008,
      10629818,
      10120054,
      3245429,
      463723
    ],
    "MAP": 8
  },
  "P0.001K5": {
    "P": 0.001,
    "K": 5,
    "M": [
      44008,
      114479,
      310042,
      759019,
      1785403,
      3817755,
      6452853,
      6143400,
      1970145,
      281504
    ],
    "MAP": 8
  },
  "P0.001K7": {
    "P": 0.001,
    "K": 7,
    "M": [
      38210,
      99397,
      269195,
      659022,
      1550183,
      3314782,
      5602717,
      5334033,
      1710586,
      244417
    ],
    "MAP": 8
  },
  "P0.001K9": {
    "P": 0.001,
    "K": 9,
    "M": [
      36727,
      95537,
      258741,
      633430,
      1489986,
      3186061,
      5385149,
      5126899,
      1644160,
      234926
    ],
    "MAP": 8
  },
  "P0.01K0": {
    "P": 0.01,
    "K": 7,
    "M": [
      24404,
      63482,
      171928,
      420900,
      990060,
      2117062,
      3578304,
      3406703,
      1092505,
      156103
    ],
    "MAP": 8
  },
  "P0.01K0MAP4": {
    "P": 0.01,
    "K": 7,
    "M": [
      24404,
      63482,
      171928,
      420900,
      990060,
      2117062,
      3578304,
      3406703,
      1092505,
      156103
    ],
    "MAP": 4
  },
  "P0.01K0MAP6": {
    "P": 0.01,
    "K": 7,
    "M": [
      24404,
      63482,
      171928,
      420900,
      990060,
      2117062,
      3578304,
      3406703,
      1092505,
      156103
    ],
    "MAP": 6
  },
  "P0.01K0MAP8": {
    "P": 0.01,
    "K": 7,
    "M": [
      24404,
      63482,
      171928,
      420900,
      990060,
      2117062,
      3578304,
      3406703,
      1092505,
      156103
    ],
    "MAP": 8
  },
  "P0.01K0MAP10": {
    "P": 0.01,
    "K": 7,
    "M": [
      24404,
      63482,
      171928,
      420900,
      990060,
      2117062,
      3578304,
      3406703,
      1092505,
      156103
    ],
    "MAP": 10
  },
  "P0.01K0MAP12": {
    "P": 0.01,